<?xml version="1.0" encoding="UTF-8"?>
<project-private xmlns="http://www.netbeans.org/ns/project-private/1">
    <editor-bookmarks xmlns="http://www.netbeans.org/ns/editor-bookmarks/2" lastBookmarkId="0"/>
    <open-files xmlns="http://www.netbeans.org/ns/projectui-open-files/2">
        <group>
            <file>file:/Users/ngotungson/NetBeansProjects/CorrectRectExercise/src/java/model/MyRect.java</file>
            <file>file:/Users/ngotungson/NetBeansProjects/CorrectRectExercise/src/java/view/RectView.java</file>
            <file>file:/Users/ngotungson/NetBeansProjects/CorrectRectExercise/src/java/controller/RectController.java</file>
            <file>file:/Users/ngotungson/NetBeansProjects/CorrectRectExercise/web/index.html</file>
            <file>file:/Users/ngotungson/NetBeansProjects/CorrectRectExercise/web/WEB-INF/web.xml</file>
            <file>file:/Users/ngotungson/NetBeansProjects/CorrectRectExercise/web/view/rect.jsp</file>
        </group>
    </open-files>
</project-private>
